NUMBER,STREET,CITY,STATE,POSTCODE,UNIT
1280,KAUHIKOA RD,HAIKU,HI,96708,
905,LEKEONA LP,WAILUKU,HI,96793,
35,LAIMI RD,Honolulu / Kapalama,HI,96817,
117,AHUI ST,Honolulu / Downtown,HI,96813,
2240,ANIANIKU ST,Honolulu / Downtown,HI,96813,
1618,HANAI LP,Honolulu / Kapalama,HI,96817,
2440,DATE ST,Honolulu / Makiki,HI,96826,
,UAHI ST,Aiea,HI,96701,
407,MAKA HOU LP,WAILUKU,HI,96793,
682,PAOPUA LP,Kailua,HI,96734,
,KAIMALOLO PL,Kaneohe,HI,96744,
57,HOOMALU ST,Pearl City,HI,96782,
,LUMIKUKE PL,Waipahu,HI,96797,
33,NOENOE PL,HANA,HI,96713,
1124,KONA ST,Honolulu / Downtown,HI,96814,
2450,S KIHEI RD,KIHEI,HI,96753,
,WAIMAKUA DR,Mililani,HI,96789,
,NEHUPALA PL,Ewa Beach,HI,96706,
,HOALUA ST,Haleiwa,HI,96712,
4428,MALAAI ST,Honolulu / Halsey Ter,HI,96818,
,NAUPAKA ST,Laie,HI,96762,
,HUI NENE ST,Kaneohe,HI,96744,
1594,ALEWA DR,Honolulu / Kapalama,HI,96817,
914,KANA PL,LAHAINA,HI,96761,
45,ALA HOKU PL,LAHAINA,HI,96761,
,WAILELE RD,Kaneohe,HI,96744,
,HOLOLIO PL,Kaneohe,HI,96744,
,WAIOLINA ST,Waipahu,HI,96797,
3913,WAILEA EKOLU PL,KIHEI,HI,96753,
,NAUPAKA ST,Laie,HI,96762,
2661,LOWREY AVE,Honolulu / Makiki,HI,96822,
,HOOMOHALU PL,Ewa Beach,HI,96706,
,HEAHEA ST,Waipahu,HI,96797,
620,KUNAWAI LN,Honolulu / Kapalama,HI,96817,
,HALEPULE PL,Mililani,HI,96789,
582,PUILI PL,Honolulu / Waialae Kahala,HI,96821,
,KUNEKI PL,Kaneohe,HI,96744,
2308,LILOA RISE,Honolulu / Makiki,HI,96822,
1045,MATZIE LN,Honolulu / Kapalama,HI,96817,
3975,HOKU AVE,Honolulu / Waialae Kahala,HI,96816,
7240,WAIOPUA ST,Honolulu / Hawaii Kai,HI,96825,
1809,HAU ST,Honolulu / Tripler,HI,96819,
4130,BLACK POINT PL,Honolulu / Waialae Kahala,HI,96816,
,POOWAI PL,Ewa Beach,HI,96706,
,KALALI ST,Kaneohe,HI,96744,
,PUUANU ST,Mililani,HI,96789,
57,ULUWEHI ST,Wahiawa,HI,96786,
2206,JENNIE ST,Honolulu / Tripler,HI,96819,
183,EHILANI ST,PUKALANI,HI,96768,
806,AHUKINI ST,Honolulu / Hawaii Kai,HI,96825,
,PALAI ST,Waipahu,HI,96797,
,MAKAINA PL,Ewa Beach,HI,96706,
,KAUAMEA PL,Mililani,HI,96789,
,KAOMI LP,Kapolei,HI,96707,
,LUMIIKI ST,Waipahu,HI,96797,
,HANAKAHI ST,Ewa Beach,HI,96706,
,PAHEMO ST,Aiea,HI,96701,
,AELIKE ST,Mililani,HI,96789,
,PAAKEA RD,Waianae,HI,96792,
,KEAAHALA RD,Kaneohe,HI,96744,
7256,MOKUONE ST,Honolulu / Hawaii Kai,HI,96825,
800,ALA MOANA,Honolulu / Downtown,HI,96814,
2036,COYNE ST,Honolulu / Makiki,HI,96826,
,MAHINAHINA ST,Waipahu,HI,96797,
,WAIPUHIA ST,Ewa Beach,HI,96706,
158,MAKA HOU LP,WAILUKU,HI,96793,
,KUMUNIU ST,Waimanalo,HI,96795,
397,AUHEA PL,Honolulu / Hawaii Kai,HI,96825,
19,MAULI OLA ST,WAILUKU,HI,96793,
209,PAKA PL,KIHEI,HI,96753,
270,S LEHUA ST,KAHULUI,HI,96732,
1048,KIKEKE AVE,Honolulu / Waialae Kahala,HI,96816,
,WAIPUKA ST,Mililani,HI,96789,
1417,ALEXANDER ST,Honolulu / Makiki,HI,96822,
679,S KIHEI RD,KIHEI,HI,96753,
,OLIANA PL,Waialua,HI,96791,
240,PUALEI DR,LAHAINA,HI,96761,
,PAHEMO ST,Aiea,HI,96701,
1930,NEW JERSEY AVE,Honolulu / Waialae Kahala,HI,96816,
,KUANOO ST,Ewa Beach,HI,96706,
,POKAIHENE  PL,Waianae,HI,96792,
2032,KOMO MAI DR,Pearl City,HI,96782,
,LANIKUHANA AVE,Mililani,HI,96789,
,KAHUHIPA ST,Kaneohe,HI,96744,
3390,KAOHINANI DR,Honolulu / Kapalama,HI,96817,
109,PAMAKANI PL,Maui,HI,96768,
147,MANALO ST,KIHEI,HI,96753,
,AWAMOI ST,Waipahu,HI,96797,
,KUMUIKI ST,Kapolei,HI,96707,
,HAUNONE PL,Mililani,HI,96789,
,KEALOHI WAY,Mililani,HI,96789,
,HAUONE ST,Kapolei,HI,96707,
4051,OMAOPIO RD,KULA,HI,96790,
684,KOHOMUA ST,WAILUKU,HI,96793,
,AINAKUAI PL,Mililani,HI,96789,
,HALONA RD,Waianae,HI,96792,
,MOHIHI ST,Waianae,HI,96792,
3670,SIERRA DR,Honolulu / Waialae Kahala,HI,96816,
,WAIHEE RD,Kaneohe,HI,96744,
,WAIKULAMA ST,Hauula,HI,96717,
284,KULAMANU CI,KULA,HI,96790,
41,AULII DR,KULA,HI,96790,
,ALEPA ST,Kapolei,HI,96707,
,PIKOKEA ST,Mililani,HI,96789,
,FORT WEAVER RD,Ewa Beach,HI,96706,
,MAHINAHOU ST,Mililani,HI,96789,
1180,OLINDA RD,MAKAWAO,HI,96768,
2506,AKEPA ST,Pearl City,HI,96782,
531,N JUDD ST,Honolulu / Kapalama,HI,96817,
25,KILANI AVE,Wahiawa,HI,96786,
20,WAILANA PL,KIHEI,HI,96753,
,KEKILIOHULANI ST,Haleiwa,HI,96712,
11,HUINA PL,KULA,HI,96790,
,MOANA ST,Laie,HI,96762,
,KOLOLIO ST,Kapolei,HI,96707,
2040,AHUALANI PL,Honolulu / Makiki,HI,96822,
,KUANOO ST,Ewa Beach,HI,96706,
,LILIPUNA RD,Kaneohe,HI,96744,
,FARRINGTON HWY,Waianae,HI,96792,
1067,KAPIOLANI BLVD,Honolulu / Downtown,HI,96814,
2201,WILSON ST,Honolulu / Tripler,HI,96819,
,KALENAKAI PL,Kaneohe,HI,96744,
,KEAUNUI DR,Ewa Beach,HI,96706,
,WAIPIO UKA ST,Waipahu,HI,96797,
,PONO ST,Aiea,HI,96701,
,OLENA PL,Aiea,HI,96701,
3140,UALENA ST,Honolulu / Tripler,HI,96819,
1240,NANAKAI ST,Pearl City,HI,96782,
,KAIKOHOLA ST,Ewa Beach,HI,96706,
17,MALUNAWAI ST,WAILUKU,HI,96793,
623,KAPAIA ST,Honolulu / Hawaii Kai,HI,96825,
,OPALIPALI ST,Kapolei,HI,96707,
2680,EAST MANOA RD,Honolulu / Makiki,HI,96822,
2215,AUPUNI ST,Honolulu,HI,96817,
,PEPPER ROW,Ewa Beach,HI,96706,
1121,AALAPAPA DR,Kailua,HI,96734,
1432,AHUAWA LP,Honolulu / Waialae Kahala,HI,96816,
,KILIPOE ST,Ewa Beach,HI,96706,
1323,NUUANU AVE,Honolulu / Kapalama,HI,96817,
,PAPAA ST,Kapolei,HI,96707,
2228,AUHUHU ST,Pearl City,HI,96782,
1134,KINAU ST,Honolulu / Downtown,HI,96814,
441,KEA ST,KAHULUI,HI,96732,
731,PUMEHANA ST,Honolulu / Makiki,HI,96826,
,HALELEHUA ST,Waipahu,HI,96797,
2099,KOKOMO RD,HAIKU,HI,96708,
3,AKALEI PL,KAHULUI,HI,96732,
,KOAHEAHE ST,Pearl City,HI,96782,
486,PALAMA DR,KAHULUI,HI,96732,
,LEIHAKU ST,Waipahu,HI,96797,
2425,VINEYARD ST,WAILUKU,HI,96793,
417,KAIMAKE LP,Kailua,HI,96734,
,POOHUKU WAY,Waipahu,HI,96797,
438,KUAMOO ST,Honolulu / Waikiki,HI,96815,
2710,POELUA ST,Honolulu / Makiki,HI,96822,
1224,LUNA PL,Honolulu / Makiki,HI,96822,
5607,HALEKAMANI ST,Honolulu / Waialae Kahala,HI,96821,
50,NANILUNA PL,WAILUKU,HI,96793,
145,KANIAU RD,LAHAINA,HI,96761,
130,S CANE ST,Wahiawa,HI,96786,
,OLOWA ST,Ewa Beach,HI,96706,
3907,KEANU ST,Honolulu / Waialae Kahala,HI,96816,
,HOKUPALEMO ST,Mililani,HI,96789,
1004,MAKEPONO ST,Honolulu / Tripler,HI,96819,
3810,WAIALAE AVE,Honolulu / Waialae Kahala,HI,96816,
117,ALAAPAPA PL,PUKALANI,HI,96768,
55,ALEHELA PL,KAHULUI,HI,96732,
24,LOIHI PL,KAHULUI,HI,96732,
1305,MOANALUALANI PL,Honolulu / Tripler,HI,96819,
1109,MOWAI ST,Kailua,HI,96734,
,JADE ST,Waianae,HI,96792,
2562,PETER ST,Honolulu / Waialae Kahala,HI,96816,
812,MALULANI ST,KIHEI,HI,96753,
,OAMA ST,Ewa Beach,HI,96706,
,WAIAHOLE VLY N BR RD,Kaneohe,HI,96744,
35,AKEA PL,KULA,HI,96790,
780,AKUMU ST,Kailua,HI,96734,
2022,ROUND TOP TER,Honolulu / Makiki,HI,96822,
30,KAWAI OLA PL,HANA,HI,96713,
,PALAILAI ST,Kapolei,HI,96707,
1842,HOOLEHUA ST,Pearl City,HI,96782,
,MOKULELE DR,Kaneohe,HI,96744,
2495,MAKIKI HTS DR,Honolulu / Makiki,HI,96822,
1028,KILANI AVE,Wahiawa,HI,96786,
330,HOLOKAI PL,Honolulu / Hawaii Kai,HI,96825,
2432,AKEPA ST,Pearl City,HI,96782,
,MEHANI ST,Kapolei,HI,96707,
,MAHINAHOU ST,Mililani,HI,96789,
103,KU DR,WAILUKU,HI,96793,
3643,PAHOA AVE,Honolulu / Waialae Kahala,HI,96816,
1824,HAU ST,Honolulu / Tripler,HI,96819,
,HALAHUA ST,Kapolei,HI,96707,
,NAKINI ST,Waimanalo,HI,96795,
,PUHIKANI ST,Ewa Beach,HI,96706,
,KAHUANANI ST,Waipahu,HI,96797,
135,MALUNIU AVE,Kailua,HI,96734,
898,HOKULANI ST,Honolulu / Hawaii Kai,HI,96825,
131,KALOKO LN,Honolulu / Downtown,HI,96813,
,MOAKA ST,Kapolei,HI,96707,
1345,ULUPII ST,Kailua,HI,96734,
,KULIHI ST,MAKAKILO/KAPOLEI/HONOKAI HALE,HI,96707,
,OPEHA ST,Waipahu,HI,96797,
2310,HANAKEALOHA PL,Honolulu / Waialae Kahala,HI,96816,
3110,KALOALUIKI PL,Honolulu / Makiki,HI,96822,
,AKAAKA ST,Aiea,HI,96701,
916,KALIHI ST,Honolulu / Tripler,HI,96819,
1731,OMAOPIO RD,KULA,HI,96790,
5302,KILAUEA AVE,Honolulu / Waialae Kahala,HI,96816,
7514,NAKALELE ST,Honolulu / Hawaii Kai,HI,96825,
251,UPPER KIMO DR,KULA,HI,96790,
70,DOOR OF FAITH RD,HAIKU,HI,96708,
,LIMAHANA ST,Waipahu,HI,96797,
,HAMOULA ST,Ewa Beach,HI,96706,
374,PUIWA RD,Honolulu / Kapalama,HI,96817,
,EWA BEACH RD,Ewa Beach,HI,96706,
720,KIHAPAI PL,Kailua,HI,96734,
695,KAUMAKANI ST,Honolulu / Hawaii Kai,HI,96825,
,LEIHOKU ST,Waianae,HI,96792,
2620,MIKOI PL,KIHEI,HI,96753,
,LAUAWA ST,Mililani,HI,96789,
,KAWILI ST,Waianae,HI,96792,
2191,KAULULOA PL,Honolulu / Waialae Kahala,HI,96816,
2520,MALAMA PL,Honolulu / Makiki,HI,96822,
,AHIWA ST,Kapolei,HI,96707,
,KIKAHA ST,Kapolei,HI,96707,
,KANELA ST,Ewa Beach,HI,96706,
1312,ALANI ST,Honolulu / Kapalama,HI,96817,
1358,NANAWALE PL,Kailua,HI,96734,
2408,MYRTLE ST,Honolulu / Waialae Kahala,HI,96816,
1148,NAMAHEALANI PL,Honolulu / Hawaii Kai,HI,96825,
,KAAUMANA PL,Waimanalo,HI,96795,
46,ALANIA PL,KIHEI,HI,96753,
196,ELILANI ST,PUKALANI,HI,96768,
29,HOOLA HOU ST,WAILUKU,HI,96793,
,WAIKALUA RD,Kaneohe,HI,96744,
23,NOHOKAI ST,KIHEI,HI,96753,
2752,HENRY ST,Honolulu / Kapalama,HI,96817,
,UHIUALA ST,Kapolei,HI,96707,
548,KUANANA ST,PAIA,HI,96779,
2258,AMOKEMOKE ST,Pearl City,HI,96782,
5404,PAPAI ST,Honolulu / Waialae Kahala,HI,96821,
,PUAILIMA ST,Aiea,HI,96701,
2265,HOLOWAI PL,WAILUKU,HI,96793,
407,OPIHIKAO PL,Honolulu / Hawaii Kai,HI,96825,
,HINAMOE LP,Kaneohe,HI,96744,
,HANAWAI ST,LAHAINA,HI,96761,
3373,CAMPBELL AVE,Honolulu / Waikiki,HI,96815,
226,PUALEI DR,LAHAINA,HI,96761,
63,NAKOA DR,WAILUKU,HI,96793,
49,KEAPUA ST,WAILUKU,HI,96793,
1534,ALA IOLANI PL,Honolulu / Tripler,HI,96819,
,KIPAPA DR,Mililani,HI,96789,
,AMAUI PL,Kapolei,HI,96707,
1677,HOOLANA ST,Pearl City,HI,96782,
,KIPAWALE PL,Kaneohe,HI,96744,
,MAMAO ST,Haleiwa,HI,96712,
2359,KOMO MAI DR,Pearl City,HI,96782,
,KAAIAI ST,Waimanalo,HI,96795,
587,PUILI PL,Honolulu / Waialae Kahala,HI,96821,
340,HAHANA RD,HAIKU,HI,96708,
65,KILEA PL,Wahiawa,HI,96786,
2023,WATERHOUSE ST,Honolulu / Tripler,HI,96819,
1525,KANAPUU DR,Kailua,HI,96734,
568,KAMOKU ST,Honolulu / Makiki,HI,96826,
628,11TH AVE,Honolulu / Waialae Kahala,HI,96816,
365,AUWINALA RD,Kailua,HI,96734,
,MAKAWAI PL,Waipahu,HI,96797,
,KUHIALOKO ST,Ewa Beach,HI,96706,
,AWAWA ST,Kapolei,HI,96707,
22,HOOUI PL,KAHULUI,HI,96732,
392,FRONT ST,LAHAINA,HI,96761,
,MOOHELE ST,Mililani,HI,96789,
7155,MAKENA RD,KIHEI,HI,96753,
4721,AUKAI AVE,Honolulu / Waialae Kahala,HI,96816,
3153,PAPALA ST,Honolulu / Makiki,HI,96822,
355,KALUA RD,WAILUKU,HI,96793,
,HAUULA HMSTD RD,Hauula,HI,96717,
74,DOLE RD,Wahiawa,HI,96786,
118,PULAMA PL,KIHEI,HI,96753,
,LUMIHOAHU ST,Waipahu,HI,96797,
,KULAWAI ST,Aiea,HI,96701,
919,ALEWA DR,Honolulu / Kapalama,HI,96817,
,ANOI RD,Kaneohe,HI,96744,
,PUANA ST,Waipahu,HI,96797,
1420,ALA MAHAMOE,Honolulu / Tripler,HI,96819,
,KAM HWY,Haleiwa,HI,96712,
179,HANALANI ST,Maui,HI,96768,
1250,10TH AVE,Honolulu / Waialae Kahala,HI,96816,
,POUHANA WAY,Waipahu,HI,96797,
621,IHE ST,Honolulu / Kapalama,HI,96817,
,KAHUHIPA ST,Kaneohe,HI,96744,
,KAIELEELE PL,Ewa Beach,HI,96706,
,HOOPIO ST,Ewa Beach,HI,96706,
,KAONOHI ST,Aiea,HI,96701,
2756,PALI HWY,Honolulu / Kapalama,HI,96817,
,AIEA HTS DR,Aiea,HI,96701,
2474,WAIPUA ST,PAIA,HI,96779,
,NORTH-SOUTH COLLECTO RD,KIHEI,HI,96753,
4405,SIERRA DR,Honolulu / Waialae Kahala,HI,96816,
,MAKAUNULAU ST,Mililani,HI,96789,
54,E PAPA AV,KAHULUI,HI,96732,
2531,KAPIOLANI BLVD,Honolulu / Makiki,HI,96826,
29,LOIHI PL,KAHULUI,HI,96732,
1136,CLUB DR,Wahiawa,HI,96786,
,KAUHI ST,Kapolei,HI,96707,
804,KUHUA ST,LAHAINA,HI,96761,
225,NENUE ST,Honolulu / Waialae Kahala,HI,96821,
707,KEA ST,KAHULUI,HI,96732,
3445,JAMES ST,Honolulu / Waikiki,HI,96815,
,KAUUKE PL,WAILUKU,HI,96793,
327,KUUALOHA ST,KAHULUI,HI,96732,
2257,KANEALII AVE,Honolulu / Downtown,HI,96813,
525,AHAKEA ST,Honolulu / Waialae Kahala,HI,96816,
,KAM HWY,Kaneohe,HI,96744,
,KAPEHU ST,Waipahu,HI,96797,
,KAM HWY,Kaneohe,HI,96744,
,PUAINA ST,Ewa Beach,HI,96706,
3551,ALOHEA AVE,Honolulu / Waikiki,HI,96815,
,PIKAIOLENA ST,Waianae,HI,96792,
2037,KOMO MAI DR,Pearl City,HI,96782,
,PAEA ST,Mililani,HI,96789,
7471,KEKAA ST,Honolulu / Hawaii Kai,HI,96825,
,FRANKLIN D ROOSEVELT AVE,Barbers Point N A S,HI,96707,
5281,AHOLEHOLE ST,Honolulu / Waialae Kahala,HI,96821,
,APII ST,Waipahu,HI,96797,
2313,KAOLA WAY,Honolulu / Downtown,HI,96813,
,WAIKALANI DR,Mililani,HI,96789,
2449,ROOKE AVE,Honolulu / Kapalama,HI,96817,
1020,MALAIHI RD,WAILUKU,HI,96793,
,KEAKULA ST,Waialua,HI,96791,
,PUNAKO ST,Ewa Beach,HI,96706,
,HOOMAIKE ST,Pearl City,HI,96782,
707,OLOKELE AVE,Honolulu / Waialae Kahala,HI,96816,
536,OLOMANA ST,Kailua,HI,96734,
3678,MANOA RD,Honolulu / Makiki,HI,96822,
,KALOLI LP,Waipahu,HI,96797,
,KALALOA ST,Aiea,HI,96701,
77,W MAHI PUA PL,LAHAINA,HI,96761,
3105,IOLANI ST,PUKALANI,HI,96768,
1569,ONIPAA ST,Honolulu / Tripler,HI,96819,
250,CALIFORNIA AVE,Wahiawa,HI,96786,
50,UAPOKO PL,HAIKU,HI,96708,
,KAPEHU ST,Waipahu,HI,96797,
2770,KAMAILE ST,WAILUKU,HI,96793,
50,NOHO PL,PUKALANI,HI,96768,
233,PAIKO DR,Honolulu / Waialae Kahala,HI,96821,
,MAKALEA ST,Ewa Beach,HI,96706,
,KUAHA ST,Waianae,HI,96792,
,MAKAMAKA PL,Waipahu,HI,96797,
,PAIWA ST,Waipahu,HI,96797,
,LEHUUILA ST,Kaneohe,HI,96744,
,KAULIKE DR,Pearl City,HI,96782,
,ALAPIO RD,Haleiwa,HI,96712,
597,POHAI ST,KAHULUI,HI,96732,
7435,AINANANI PL,Honolulu / Hawaii Kai,HI,96825,
,AKIMALA ST,Kaneohe,HI,96744,
362,KOLOHALA DR,KULA,HI,96790,
,KULAWEA PL,Aiea,HI,96701,
560,KAIOLA ST,KIHEI,HI,96753,
216,KOALELE ST,Honolulu / Downtown,HI,96813,
777,KEA ST,KAHULUI,HI,96732,
,HOLO PL,Aiea,HI,96701,
,KEAUNUI DR,Ewa Beach,HI,96706,
1003,KANAIO-KALAMA PARK RD,KULA,HI,96790,
2428,MAUNALAHA RD,Honolulu / Makiki,HI,96822,
714,16TH AVE,Honolulu / Waialae Kahala,HI,96816,
,KAM HWY,Hauula,HI,96717,
3586,KUMU PL,Honolulu / Makiki,HI,96822,
1937,REPUBLICAN ST,Honolulu / Tripler,HI,96819,
2034,MOTT SMITH DR,Honolulu / Makiki,HI,96822,
2151,ATHERTON RD,Honolulu / Makiki,HI,96822,
889,HOOMOANA ST,Pearl City,HI,96782,
,PUULU ST,Mililani,HI,96789,
2233,KOMO MAI DR,Pearl City,HI,96782,
1570,VIOLET ST,Honolulu / Tripler,HI,96819,
2601,FERDINAND AVE,Honolulu,HI,96822,
,LAUPAI WAY,Ewa Beach,HI,96706,
3316,CASTLE ST,Honolulu / Waikiki,HI,96815,
1428,PUA LN,Honolulu / Kapalama,HI,96817,
,LAAKONA PL,Ewa Beach,HI,96706,
4613,LIKINI ST,Honolulu / Halsey Ter,HI,96818,
,KAMALINO ST,Mililani,HI,96789,
6560,HAWAII KAI DR,Honolulu / Hawaii Kai,HI,96825,
2350,PALOLO AVE,Honolulu / Waialae Kahala,HI,96816,
,OLOHU RD,Kaaawa,HI,96730,
902,HOG BACK RD,HAIKU,HI,96708,
243,MOOMUKU PL,Honolulu / Waialae Kahala,HI,96821,
,HOKUILI ST,Mililani,HI,96789,
106,KELEAWE ST,MAKAWAO,HI,96768,
60,TINGS DW,WAILUKU,HI,96793,
1288,KUKULU ST,Kapolei,HI,96707,
2101,AUIKI ST,Honolulu / Tripler,HI,96819,
,HONOMU PL,Hauula,HI,96717,
,KUAMU ST,Kapolei,HI,96707,
1969,HOOMALOLO ST,Pearl City,HI,96782,
113,LUMAHAI ST,Honolulu / Hawaii Kai,HI,96825,
,KAUIKI ST,Ewa Beach,HI,96706,
627,9TH AVE,Honolulu / Waialae Kahala,HI,96816,
14,HOMESTEAD RD,KULA,HI,96790,
,KOIO DR,Kapolei,HI,96707,
470,AULIMA LP,Kailua,HI,96734,
2324,HOALU PL,Honolulu / Makiki,HI,96822,
,ALIIPOE DR,Aiea,HI,96701,
,KALALANI PL,Mililani,HI,96789,
,KIME ST,Waipahu,HI,96797,
,HALEKOU RD,Kaneohe,HI,96744,
1246,HOPAKA ST,Honolulu / Downtown,HI,96814,
,FARRINGTON HWY,Waianae,HI,96792,
255,EKOA PL,WAILUKU,HI,96793,
950,AKAIKI PL,WAILUKU,HI,96793,
,MAKAHAIAKU ST,Kapolei,HI,96707,
1450,MIDDLE ST,Honolulu / Tripler,HI,96819,
,KIPAOA PL,Waianae,HI,96792,
591,KEALAHOU ST,Honolulu / Hawaii Kai,HI,96825,
3544,KALIHI ST,Honolulu / Tripler,HI,96819,
,LAIKU PL,Waianae,HI,96792,
,KULAWAE ST,Waianae,HI,96792,
72,PONIU CI,WAILUKU,HI,96793,
1716,HOUGHTAILING ST,Honolulu / Kapalama,HI,96817,
1375,OWAKA ST,WAILUKU,HI,96793,
524,ELEPAIO ST,Honolulu / Waialae Kahala,HI,96816,
1747,YOUNG ST,Honolulu / Makiki,HI,96826,
3456,AKALA DR,KIHEI,HI,96753,
1545,LINAPUNI ST,Honolulu / Tripler,HI,96819,
2269,OKOA ST,Honolulu / Waialae Kahala,HI,96821,
1117,2ND AVE,Honolulu / Waialae Kahala,HI,96816,
1089,HOA ST,Honolulu / Hawaii Kai,HI,96825,
947,PAUAHI PL,KIHEI,HI,96753,
218,KAIMANAWAI PL,Honolulu / Waialae Kahala,HI,96816,
,HOKIO PL,Aiea,HI,96701,
,LAUMILO ST,Waimanalo,HI,96795,
,KEAUNUI DR,Ewa Beach,HI,96706,
2980,S KIHEI RD,KIHEI,HI,96753,
,KEOKOLO ST,Kapolei,HI,96707,
3518,CAMPBELL AVE,Honolulu / Waikiki,HI,96815,
452,DUNE CIR,Kailua,HI,96734,
7268,KAUHAKO ST,Honolulu / Hawaii Kai,HI,96825,
,HOKIO PL,Aiea,HI,96701,
71,KU'UKAMA ST,KAHULUI,HI,96732,
3102,KAOHINANI DR,Honolulu / Kapalama,HI,96817,
,AHAOLELO RD,Kaneohe,HI,96744,
1037,HEMOLELE PL,Honolulu / Kapalama,HI,96817,
1570,KAUMOLI ST,Pearl City,HI,96782,
,NUKUPUU ST,Kaneohe,HI,96744,
41,ALANIA PL,KIHEI,HI,96753,
,KOLANI PL,Kaneohe,HI,96744,
114,HOOPIHA PL,Wahiawa,HI,96786,
924,FACTORY ST,Honolulu / Tripler,HI,96819,
1540,9TH AVE,Honolulu / Waialae Kahala,HI,96816,
,KAHUAMO ST,Waipahu,HI,96797,
3134,NAHENAHE PL,KIHEI,HI,96753,
3179,KOAPAKA ST,Honolulu / Tripler,HI,96819,
273,ULUA ST,Honolulu / Waialae Kahala,HI,96821,
2812,WINAM AVE,Honolulu / Waialae Kahala,HI,96816,
,AIEALANI PL,Aiea,HI,96701,
4456,WAHINEKOA PL,Honolulu / Waialae Kahala,HI,96821,
3215,CARLOS LONG ST,Honolulu / Waialae Kahala,HI,96816,
257,PORTLOCK RD,Honolulu / Hawaii Kai,HI,96825,
239,HIIPALI LP,KULA,HI,96790,
117,MANGO ST,Wahiawa,HI,96786,
1704,MOALA PL,Wahiawa,HI,96786,
,HOAHA ST,Waianae,HI,96792,
1138,PIIKOI PL,Honolulu / Makiki,HI,96822,
3211,WAUKE ST,Honolulu / Waikiki,HI,96815,
836,IKENA CIR,Honolulu / Waialae Kahala,HI,96821,
5000,KAHALA AVE,Honolulu / Waialae Kahala,HI,96816,
246,OLANI PL,KIHEI,HI,96753,
3337,EMEKONA PL,Honolulu / Makiki,HI,96822,
,KUMUKULA ST,Waipahu,HI,96797,
,LUAHOANA ST,Ewa Beach,HI,96706,
216,AKAI ST,KIHEI,HI,96753,
5302,OIO DR,Honolulu / Waialae Kahala,HI,96821,
,HOKULELE PL,Mililani,HI,96789,
,KAIOLI ST,Ewa Beach,HI,96706,
,KANAKA ST,Kaneohe,HI,96744,
,HOOKANIKE ST,Pearl City,HI,96782,
445,KALAMA ST,Kailua,HI,96734,
,WAIKOLOA PL,Kapolei,HI,96707,
3539,PUUKU MAUKA DR,Honolulu / Halsey Ter,HI,96818,
2039,NUUANU AVE,Honolulu / Kapalama,HI,96817,
,NAPOONALA PL,Haleiwa,HI,96712,
,LOLOPUA PL,Kaneohe,HI,96744,
2359,KUAHEA ST,Honolulu / Waialae Kahala,HI,96816,
,FORT WEAVER RD,Ewa Beach,HI,96706,
2219,HUNNEWELL PL,Honolulu / Makiki,HI,96822,
474,EHAKO PL,Honolulu / Kapalama,HI,96817,
,HALOKU ST,Mililani,HI,96789,
,AWELE PL,Kaneohe,HI,96744,
2811,KAHAWAI ST,Honolulu / Makiki,HI,96822,
7081,KALANIANAOLE HWY,Honolulu / Hawaii Kai,HI,96825,
,KULUKEOE PL,Kaneohe,HI,96744,
3046,HARDING AVE,Honolulu / Waialae Kahala,HI,96816,
,MAKAKOA LP,Waipahu,HI,96797,
,AILONA ST,Mililani,HI,96789,
,NAHEWAI PL,Kaneohe,HI,96744,
,NILU ST,Kaneohe,HI,96744,
,HONOHONO ST,Aiea,HI,96701,
1047,ULUWALE ST,Wahiawa,HI,96786,
,KAI WEKE ST,Ewa Beach,HI,96706,
,PUANANE PL,Mililani,HI,96789,
35,HOKU PL,PAIA,HI,96779,
,WAIOHIA PL,Kaneohe,HI,96744,
1223,HALA DR,Honolulu / Kapalama,HI,96817,
,KAMAAHA AVE,Kapolei,HI,96707,
,PAIKAUHALE ST,Mililani,HI,96789,
7793,WAIKAPU LP,Honolulu / Hawaii Kai,HI,96825,
34,NALU PL,PAIA,HI,96779,
,KAM HWY,Kaneohe,HI,96744,
,KAUPAKALUA RD,HAIKU,HI,96708,
2946,VARSITY CIR,Honolulu,HI,96826,
18,ONEKEA PL,WAILUKU,HI,96793,
,OLIWA ST,Aiea,HI,96701,
,LAULIMA ST,Aiea,HI,96701,
,KUMULIPO ST,Kapolei,HI,96707,
,HIAPO ST,Waipahu,HI,96797,
,WEHIWEHI ST,Waianae,HI,96792,
,KAM HWY,Hauula,HI,96717,
,LILIPUNA RD,Kaneohe,HI,96744,
,ELEHEI PL,Mililani,HI,96789,
524,OLIVE AVE,Wahiawa,HI,96786,
,KAM HWY,Kahuku,HI,96731,
,HOKULEWA LP,Mililani,HI,96789,
,HILU ST,Waimanalo,HI,96795,
1152,FORT ST MALL,Honolulu / Downtown,HI,96813,
920,PUNAHOU ST,Honolulu / Makiki,HI,96826,
2412,KOA AVE,Honolulu / Waikiki,HI,96815,
,KINOIKI ST,Kapolei,HI,96707,
1758,MAOI PL,Honolulu / Waialae Kahala,HI,96816,
707,KEKONA PL,Maui,HI,96768,
1936,10TH AVE,Honolulu / Waialae Kahala,HI,96816,
144,PALEKONA ST,Honolulu / Tripler,HI,96819,
,KAAHOLO ST,Waipahu,HI,96797,
3766,PAKI AVE,Honolulu / Waikiki,HI,96815,
222,MEHANI CI,KIHEI,HI,96753,
2814,WAIALAE AVE,Honolulu / Waialae Kahala,HI,96816,
811,KUMUKAHI PL,Honolulu / Hawaii Kai,HI,96825,
,HOOKAAHEA ST,Ewa Beach,HI,96706,
855,MAKAHIKI WAY,Honolulu / Makiki,HI,96826,
380,KULUI WY,LAHAINA,HI,96761,
1637,HAUIKI ST,Honolulu / Tripler,HI,96819,
3409,WELA ST,Honolulu / Waikiki,HI,96815,
,KEAOLANI ST,Mililani,HI,96789,
,KOHUPONO ST,Kapolei,HI,96707,
2370,PAHOUNUI DR,Honolulu / Tripler,HI,96819,
3409,JAMES ST,Honolulu / Waikiki,HI,96815,
4013,MAUNALOA AVE,Honolulu / Waialae Kahala,HI,96816,
1074,KAMOOKOA PL,Honolulu / Hawaii Kai,HI,96825,
1868,PALOLO AVE,Honolulu / Waialae Kahala,HI,96816,
1871,ALA MAHAMOE,Honolulu / Tripler,HI,96819,
,PAEWALANI PL,Kaneohe,HI,96744,
944,PROSPECT ST,Honolulu / Makiki,HI,96822,
,KULAUKU ST,Waianae,HI,96792,
705,ALULIKE ST,KIHEI,HI,96753,
3457,HARDING AVE,Honolulu / Waialae Kahala,HI,96816,
,PAIHI ST,Aiea,HI,96701,
42,HOLOMAKANI PL,LAHAINA,HI,96761,
,AHIU PL,Mililani,HI,96789,
1244,NAKUINA ST,Honolulu / Tripler,HI,96819,
,HAMAU ST,Waipahu,HI,96797,
1421,KAHOMA ST,LAHAINA,HI,96761,
,HAIWALE LP,Mililani,HI,96789,
611,KEAWE ST,Honolulu / Downtown,HI,96813,
115,N JUDD ST,Honolulu / Kapalama,HI,96817,
2608,DATE ST,Honolulu / Makiki,HI,96826,
50,EONO PL,HAIKU,HI,96708,
,HOEU PL,Mililani,HI,96789,
2219,KANEALII AVE,Honolulu / Downtown,HI,96813,
1125,PALEKAIKO ST,Pearl City,HI,96782,
200,KAHIKO ST,PAIA,HI,96779,
861,EHA ST,WAILUKU,HI,96793,
,KAM HWY,Kaaawa,HI,96730,
1413,NANAKAI ST,Pearl City,HI,96782,
,KEAUNUI DR,Ewa Beach,HI,96706,
915,KAUPAKALUA RD,HAIKU,HI,96708,
349,ANOLANI ST,Honolulu / Waialae Kahala,HI,96821,
,LOEA ST,Mililani,HI,96789,
3370,KEHA DR,KIHEI,HI,96753,
,KUALAKAI ST,Kapolei,HI,96707,
250,CALIFORNIA AVE,Wahiawa,HI,96786,
116,KINOHI LOA ST,WAILUKU,HI,96793,
,KAIPU ST,Ewa Beach,HI,96706,
,PAHELEHALA LP,Kahuku,HI,96731,
,APELE ST,Mililani,HI,96789,
,HANAKAHI ST,Ewa Beach,HI,96706,
301,HAHANI ST,Kailua,HI,96734,
,FERNRIDGE PL,Aiea,HI,96701,
623,KUNAWAI LN,Honolulu / Kapalama,HI,96817,
48,OHANA HANA LOOP,WAILUKU,HI,96793,
924,SELF LN,Honolulu / Tripler,HI,96819,
,HALEMALU ST,Mililani,HI,96789,
,MOEKOLU ST,Waianae,HI,96792,
1734,NAKULA ST,Wahiawa,HI,96786,
,HAKIMO RD,Waianae,HI,96792,
3033,HOLLINGER ST,Honolulu / Waikiki,HI,96815,
33,KALALA ST,Wahiawa,HI,96786,
,POHAKUPALENA ST,Waianae,HI,96792,
,PAAO PL,Mililani,HI,96789,
724,KAKALA ST,Kapolei,HI,96707,
3453,KAAU ST,Honolulu / Waialae Kahala,HI,96816,
1584,THURSTON AVE,Honolulu / Makiki,HI,96822,
5357,KEIKILANI CIR,Honolulu / Waialae Kahala,HI,96821,
2766,PANEPOO ST,KIHEI,HI,96753,
,KIPAPA DR,Mililani,HI,96789,
,KAIKOHOLA ST,Ewa Beach,HI,96706,
,HOOPIO ST,Ewa Beach,HI,96706,
,KEIKIALII ST,Aiea,HI,96701,
215,BIRCH ST,Honolulu / Downtown,HI,96814,
,KUPUOHI ST,Waipahu,HI,96797,
,AHUIMANU RD,Kaneohe,HI,96744,
,KAAMILO ST,Aiea,HI,96701,
1452,KAMOLE ST,Honolulu / Waialae Kahala,HI,96821,
2122,YOUNG ST,Honolulu / Makiki,HI,96826,
,AHAULA ST,Mililani,HI,96789,
61,KEALOHILANI ST,KAHULUI,HI,96732,
383,N KAINALU DR,Kailua,HI,96734,
,AKIA PL,Mililani,HI,96789,
216,AIOKOA ST,Kailua,HI,96734,
,KILAHA ST,Ewa Beach,HI,96706,
,HAMAU ST,Waipahu,HI,96797,
,HOOMAKA ST,Ewa Beach,HI,96706,
,HANAWAI CIR,Waipahu,HI,96797,
,KAAMEA ST,Waipahu,HI,96797,
30,OHALA PL,KULA,HI,96790,
913,COOLIDGE ST,Honolulu / Makiki,HI,96826,
,MAHELU PL,Mililani,HI,96789,
6078,SUMMER ST,Honolulu / Waialae Kahala,HI,96821,
1867,HOOLEHUA ST,Pearl City,HI,96782,
57,LAHAOLE PL,WAILUKU,HI,96793,
,MOEKOLU ST,Waianae,HI,96792,
1065,MOKUHANO ST,Honolulu / Hawaii Kai,HI,96825,
,KUPUKUPU ST,Aiea,HI,96701,
366,KAIOLOHIA ST,KIHEI,HI,96753,
,HOOKELE ST,Waianae,HI,96792,
,KAAMILO ST,Aiea,HI,96701,
1465,ONIPAA ST,Honolulu / Tripler,HI,96819,
,KAM HWY,Kaneohe,HI,96744,
,HIAPO ST,Waipahu,HI,96797,
,KAM HWY,Kaneohe,HI,96744,
,HALEKUA PL,Mililani,HI,96789,
,LILIPUNA RD,Kaneohe,HI,96744,
,KOHI ST,LAHAINA,HI,96761,
1212,MAKALOA ST,Honolulu / Downtown,HI,96814,
724,KIHAPAI ST,Kailua,HI,96734,
1344,HOOLAUNA ST,Pearl City,HI,96782,
25,W PAPA AV,KAHULUI,HI,96732,
1774,AKONE PL,Honolulu / Tripler,HI,96819,
,AKAKU ST,Mililani,HI,96789,
2046,ALA MAHAMOE,Honolulu / Tripler,HI,96819,
1310,MAALAHI ST,Honolulu / Tripler,HI,96819,
331,ILIMANO ST,Kailua,HI,96734,
3106,AKALA DR,KIHEI,HI,96753,
1047,ALA NANU,Honolulu / Halsey Ter,HI,96818,
625,LAWELAWE ST,Honolulu / Waialae Kahala,HI,96821,
,AIKANAKA RD,Ewa Beach,HI,96706,
3648,PIIKEA PL,MAKAWAO,HI,96768,
920,KAMOKILA BLVD,Kapolei,HI,96707,
,WAIOLINA ST,Waipahu,HI,96797,
130,HAKUI LP,LAHAINA,HI,96761,
,KIKOO ST,Ewa Beach,HI,96706,
,KAM HWY,Haleiwa,HI,96712,
,WAIAHOLE VLY N BR RD,Kaneohe,HI,96744,
1204,AUWAI DR,Wahiawa,HI,96786,
,OLANI ST,Kapolei,HI,96707,
,KAONOHI ST,Aiea,HI,96701,
629,KALOLINA ST,Kailua,HI,96734,
21,KAUILAAHA ST,KULA,HI,96790,
295,HIOLANI ST,PUKALANI,HI,96768,
,WAIANUHEA PL,Mililani,HI,96789,
,HOLOAI ST,Aiea,HI,96701,
4361,KAIKOO PL,Honolulu / Waialae Kahala,HI,96816,
441,PAU ST,Honolulu / Waikiki,HI,96815,
,HUAULAULA LP,Ewa Beach,HI,96706,
,IKEPONO ST,Waipahu,HI,96797,
138,PONANA ST,KIHEI,HI,96753,
,HULUHULU ST,Ewa Beach,HI,96706,
,KAM HWY,Kaaawa,HI,96730,
,HAIKE PL,Mililani,HI,96789,
,KAI LOLI ST,Ewa Beach,HI,96706,
1043,KAUMOKU ST,Honolulu / Hawaii Kai,HI,96825,
,KAHOLO PL,Mililani,HI,96789,
376,W PAPA AV,KAHULUI,HI,96732,
,FARRINGTON HWY,Waianae,HI,96792,
3260,HONOKOLANI ST,PUKALANI,HI,96768,
629,AKOAKOA ST,Kailua,HI,96734,
1118,MCCULLY ST,Honolulu / Makiki,HI,96826,
4111,MAUNALOA AVE,Honolulu / Waialae Kahala,HI,96816,
,KEALOHI ST,Mililani,HI,96789,
,HOKEA ST,Aiea,HI,96701,
3543,PAHOA AVE,Honolulu / Waialae Kahala,HI,96816,
,HEHINA ST,Mililani,HI,96789,
,HAKIMO PL,Waianae,HI,96792,
732,PUU KALA ST,Pearl City,HI,96782,
1121,S BERETANIA ST,Honolulu / Downtown,HI,96814,
3933,MAALAEA BAY PL,WAILUKU,HI,96793,
2023,DATE ST,Honolulu / Makiki,HI,96826,
1928,PIIMAUNA PL,Honolulu / Waialae Kahala,HI,96821,
,MAIAU ST,Waipahu,HI,96797,
,HAKALA ST,Mililani,HI,96789,
,KALALOA ST,Aiea,HI,96701,
214,HELEUMA PL,KIHEI,HI,96753,
,MOANALUA RD,Aiea,HI,96701,
98,KEALA PL,KIHEI,HI,96753,
893,NININI WAY,Honolulu / Hawaii Kai,HI,96825,
1111,KEMOLE LN,Honolulu / Makiki,HI,96826,
24,HALIU ST,LAHAINA,HI,96761,
,IKUWAI PL,Haleiwa,HI,96712,
1340,AINAPUA ST,Honolulu / Tripler,HI,96819,
,KAM HWY,Laie,HI,96762,
4741,FARMERS RD,Honolulu / Waialae Kahala,HI,96816,
,AKAKU ST,Mililani,HI,96789,
3318,WOODLAWN DR,Honolulu / Makiki,HI,96822,
2113,KOMO MAI DR,Pearl City,HI,96782,
,HOOMAALILI ST,Ewa Beach,HI,96706,
1544,KEOLU DR,Kailua,HI,96734,
,KALAPU ST,Ewa Beach,HI,96706,
91,LUNALILO ST,WAILUKU,HI,96793,
950,WAIIKI ST,Honolulu / Waialae Kahala,HI,96821,
,HALEKUA ST,Mililani,HI,96789,
1513,ULUEKI PL,Kailua,HI,96734,
1184,HUNAKAI ST,Honolulu / Waialae Kahala,HI,96816,
,KAHUAHALE ST,Waipahu,HI,96797,
24,HULUMANU PL,WAILUKU,HI,96793,
,PALALA ST,Kapolei,HI,96707,
,KENOLA PL,Waipahu,HI,96797,
5223,KALANIANAOLE HWY,Honolulu / Waialae Kahala,HI,96821,
162,KAILUANA LP,Kailua,HI,96734,
,LOLII ST,Kaneohe,HI,96744,
1734,MAKUAHINE ST,Honolulu / Kapalama,HI,96817,
,KAWAIHUNA ST,Kapolei,HI,96707,
,LUMIAINA ST,Waipahu,HI,96797,
,PAHUHU WAY,Ewa Beach,HI,96706,
1502,ALA PUUMALU,Honolulu / Halsey Ter,HI,96818,
,HOOKUPU ST,Mililani,HI,96789,
139,KAILUANA PL,Kailua,HI,96734,
,HALAHUA ST,Kapolei,HI,96707,
,HOOPALA ST,Kaneohe,HI,96744,
1620,KINO ST,Honolulu / Tripler,HI,96819,
,PUUPELE ST,Kaneohe,HI,96744,
,LUMIALANI ST,Waipahu,HI,96797,
228,MOOKUA ST,Kailua,HI,96734,
117,S KUAKINI ST,Honolulu / Downtown,HI,96813,
1414,AALAPAPA DR,Kailua,HI,96734,
3310,HALELANI DR,Honolulu / Makiki,HI,96822,
1512,KOKEA ST,Honolulu / Kapalama,HI,96817,
1306,ALEWA DR,Honolulu / Kapalama,HI,96817,
,KULOIHI PL,Ewa Beach,HI,96706,
,KUANOO ST,Ewa Beach,HI,96706,
2116,CALIFORNIA AVE,Wahiawa,HI,96786,
,NOHEAIKI WAY,Waipahu,HI,96797,
,HOKEA ST,Aiea,HI,96701,
1106,CLUB DR,Wahiawa,HI,96786,
1704,LEHUA PL,WAILUKU,HI,96793,
917,21ST AVE,Honolulu / Waialae Kahala,HI,96816,
1234,KAMAILE ST,Honolulu / Downtown,HI,96814,
,KELAKELA  ST,Mililani,HI,96789,
2113,LANIHULI DR,Honolulu / Makiki,HI,96822,
1177,KAPIOLANI BLVD,Honolulu / Downtown,HI,96814,
340,LUNALILO HOME RD,Honolulu / Hawaii Kai,HI,96825,
,KANEONEO ST,Kapolei,HI,96707,
1435,BERNICE ST,Honolulu / Kapalama,HI,96817,
426,MAIKA ST,WAILUKU,HI,96793,
,HOKUILI PL,Mililani,HI,96789,
1516,PIIHANA RD,WAILUKU,HI,96793,
14,LAKEVIEW CIR,Wahiawa,HI,96786,
,HILINAI ST,Kaneohe,HI,96744,
3054,OLD HALEAKALA HY,PUKALANI,HI,96768,
,HANA ST,Waianae,HI,96792,
833,17TH AVE,Honolulu / Waialae Kahala,HI,96816,
1715,IHILOA PL,Honolulu / Waialae Kahala,HI,96821,
3949,DIAMOND HEAD RD,Honolulu / Waialae Kahala,HI,96816,
,KANIHAALILO ST,Kapolei,HI,96707,
,HALEIWA RD,Haleiwa,HI,96712,
,UOUOA ST,Ewa Beach,HI,96706,
,KUHIAWAHO PL,Ewa Beach,HI,96706,
2246,AUHUHU ST,Pearl City,HI,96782,
128,HAUOLA AVE,Wahiawa,HI,96786,
,HOKUIWA ST,Mililani,HI,96789,
,LUALUALEI HMSTD RD,Waianae,HI,96792,
2631,CALIFORNIA AVE,Wahiawa,HI,96786,
3103,PATY DR,Honolulu / Makiki,HI,96822,
2658,S KING ST,Honolulu / Makiki,HI,96826,
,HOANO PL,Ewa Beach,HI,96706,
2279,MAKANANI DR,Honolulu / Kapalama,HI,96817,
,FARRINGTON HWY,Waianae,HI,96792,
835,6TH AVE,Honolulu / Waialae Kahala,HI,96816,
583,PALAWIKI ST,Kailua,HI,96734,
,MAPUMAPU RD,Kaneohe,HI,96744,
,KUUWELU PL,Ewa Beach,HI,96706,
,KAULIA PL,Mililani,HI,96789,
,MAKALEA LP,Ewa Beach,HI,96706,
34,PUAKALA PL,KAHULUI,HI,96732,
97,S LEHUA ST,KAHULUI,HI,96732,
,LANIA PL,Aiea,HI,96701,
2727,MANOA RD,Honolulu / Makiki,HI,96822,
1118,EHOEHO AVE,Wahiawa,HI,96786,
1529,MILLER ST,Honolulu / Downtown,HI,96813,
,KALEIWOHI ST,Waianae,HI,96792,
1056,KALIHIWAI PL,Honolulu / Hawaii Kai,HI,96825,
232,KULIOUOU RD,Honolulu / Waialae Kahala,HI,96821,
1905,ALAELOA ST,Honolulu / Waialae Kahala,HI,96821,
1617,ANAKOLE PL,Pearl City,HI,96782,
,KAIAKUA ST,Ewa Beach,HI,96706,
,AWIWI WAY,Mililani,HI,96789,
863,MAKAALA DR,WAILUKU,HI,96793,
,KAOEA PL,Mililani,HI,96789,
,ANOPILI ST,Mililani,HI,96789,
,NAPUANANI RD,Aiea,HI,96701,
,KAM HWY,Haleiwa,HI,96712,
,APUAKEA ST,Kaneohe,HI,96744,
,MAOHIOHI LP,EWA BEACH,HI,96706,
738,MOANIALA ST,Honolulu / Waialae Kahala,HI,96821,
31,KILI NAHE ST,LAHAINA,HI,96761,
,IOLE ST,Kaneohe,HI,96744,
729,PAOPUA LP,Kailua,HI,96734,
,LOKOWAI ST,Aiea,HI,96701,
1043,HOOLI PL,Pearl City,HI,96782,
7333,MAKAA ST,Honolulu / Hawaii Kai,HI,96825,
634,HIND IUKA DR,Honolulu / Waialae Kahala,HI,96821,
,KAIMALU PL,Kaneohe,HI,96744,
,WAIPAHU ST,Waipahu,HI,96797,
,AAWA DR,Ewa Beach,HI,96706,
,KUAEEWA PL,Ewa Beach,HI,96706,
1261,W HIAHIA PL,WAILUKU,HI,96793,
6129,PAHUKULA PL,Honolulu / Waialae Kahala,HI,96821,
,HONOMANU ST,Aiea,HI,96701,
3808,NOEAU ST,Honolulu / Waialae Kahala,HI,96816,
2044,KOLO PL,WAILUKU,HI,96793,
732,HAWAII ST,Honolulu / Kapalama,HI,96817,
,ALIIPOE DR,Aiea,HI,96701,
941,HAUSTEN ST,Honolulu / Makiki,HI,96826,
959,KOLOKOLO PL,Honolulu / Hawaii Kai,HI,96825,
,NANIHOKU WAY,Kaneohe,HI,96744,
718,PALANI AVE,Honolulu / Waialae Kahala,HI,96816,
485,KEKUPUA ST,Honolulu / Hawaii Kai,HI,96825,
3209,IOLANI ST,PUKALANI,HI,96768,
1434,PUNAHOU ST,Honolulu / Makiki,HI,96822,
4023,KEANU ST,Honolulu / Waialae Kahala,HI,96816,
,KAM HWY,Hauula,HI,96717,
,HOLOLANI ST,Mililani,HI,96789,
,ALIINUI DR,Kapolei,HI,96707,
2632,KILIHAU ST,Honolulu / Tripler,HI,96819,
1326,PENSACOLA ST,Honolulu / Downtown,HI,96814,
351,S LEHUA ST,KAHULUI,HI,96732,
,AINANUI LP,Aiea,HI,96701,
1145,WAINIHA ST,Honolulu / Hawaii Kai,HI,96825,
,WAIKELE LP,Waipahu,HI,96797,
,PAPAHI PL,Ewa Beach,HI,96706,
2362,WAIOMAO RD,Honolulu / Waialae Kahala,HI,96816,
659,KALANIPUU ST,Honolulu / Hawaii Kai,HI,96825,
,NOII PL,Kaneohe,HI,96744,
,HOAHA PL,Waianae,HI,96792,
,KAM HWY,Kaneohe,HI,96744,
,LAMAULA RD,Kaneohe,HI,96744,
551,HANANA PL,Honolulu / Kapalama,HI,96817,
,ALEKA PL,Kailua,HI,96734,
3238,PAHOA AVE,Honolulu / Waialae Kahala,HI,96816,
,KAIULIULI ST,Ewa Beach,HI,96706,
856,PAPALALO PL,Honolulu / Hawaii Kai,HI,96825,
430,KAUPAKALUA RD,HAIKU,HI,96708,
3438,LIKINI ST,Honolulu / Halsey Ter,HI,96818,
2405,10TH AVE,Honolulu / Waialae Kahala,HI,96816,
1305,MAMALU ST,Honolulu / Kapalama,HI,96817,
1735,PUOWAINA DR,Honolulu / Downtown,HI,96813,
2018,ELUWENE ST,Honolulu / Tripler,HI,96819,
456,HALAPIA PL,Honolulu / Kapalama,HI,96817,
634,N VINEYARD BLVD,Honolulu / Kapalama,HI,96817,
145,POLOKE PL,Honolulu / Makiki,HI,96822,
,PUHIPAKA ST,Ewa Beach,HI,96706,
,PALEKA RD,Kaneohe,HI,96744,
,PILIKOA ST,Aiea,HI,96701,
,POHU PL,Waipahu,HI,96797,
1412,KALEILANI ST,Pearl City,HI,96782,
65,HUA NUI WAY,LAHAINA,HI,96761,
1270,MIDDLE RD,KULA,HI,96790,
2654,KAHEKILI HWY,WAILUKU,HI,96793,
,PAAOLOULU WAY,Kapolei,HI,96707,
,PIIHANA RD,WAILUKU,HI,96793,
1650,LIHOLIHO ST,Honolulu / Makiki,HI,96822,
,AKAAWA ST,Kapolei,HI,96707,
1655,HOOKANI ST,Pearl City,HI,96782,
,POLOULA PL,Ewa Beach,HI,96706,
,AELOA ST,Kaneohe,HI,96744,
430,KEKUPUA ST,Honolulu / Hawaii Kai,HI,96825,
440,KEKUPUA ST,Honolulu / Hawaii Kai,HI,96825,
659,PAPAHEHI PL,Honolulu / Waialae Kahala,HI,96821,
35,MIKIOLA ST,Maui,HI,96768,
1610,MAILIKUKAHI WALK,Honolulu / Kapalama,HI,96817,
21,LEPELEPE PL,KULA,HI,96790,
,HOAAHI PL,Kaneohe,HI,96744,
4373,KEAKA DR,Honolulu / Halsey Ter,HI,96818,
28,KUAPAPA PL,KIHEI,HI,96753,
295,PALAMA DR,KAHULUI,HI,96732,
,AKOWAI RD,Waianae,HI,96792,
,PULELO ST,Waipahu,HI,96797,
,ALAPOAI ST,Mililani,HI,96789,
,LAHILAHI PL,Waianae,HI,96792,
2842,DOW ST,Honolulu / Kapalama,HI,96817,
1521,IPUKULA ST,Honolulu / Waialae Kahala,HI,96821,
,LIULIU PL,Ewa Beach,HI,96706,
730,SHERIDAN ST,Honolulu / Downtown,HI,96814,
,ULU ST,Aiea,HI,96701,
5640,KANAU ST,Honolulu / Waialae Kahala,HI,96821,
650,KANAHA ST,Kailua,HI,96734,
,KAM HWY,Hauula,HI,96717,
5085,KEIKILANI CIR,Honolulu / Waialae Kahala,HI,96821,
,KAM HWY,Kaneohe,HI,96744,
2711,PALI HWY,Honolulu / Kapalama,HI,96817,
,HAILIPO ST,Ewa Beach,HI,96706,
,HINALEA ST,Waimanalo,HI,96795,
,PAAWALU ST,Waipahu,HI,96797,
,HALELEHUA ST,Waipahu,HI,96797,
,NANIAHIAHI PL,Waianae,HI,96792,
1412,16TH AVE,Honolulu / Waialae Kahala,HI,96816,
125,AOLOA LP,KAHULUI,HI,96732,
,NAUPAKA ST,Laie,HI,96762,
2391,AHAKAPU ST,Pearl City,HI,96782,
,WAHANE ST,Kapolei,HI,96707,
131,AELOA RD,PUKALANI,HI,96768,
,KAM HWY,Kaneohe,HI,96744,
,HAIKU PLANTATIONS DR,Kaneohe,HI,96744,
211,AUWAIOLIMU ST,Honolulu / Downtown,HI,96813,
,KAM HWY,Kaneohe,HI,96744,
717,ONEAWA ST,Kailua,HI,96734,
370,ULUPAINA ST,Kailua,HI,96734,
767,OLENA ST,WAILUKU,HI,96793,
535,POIPU DR,Honolulu / Hawaii Kai,HI,96825,
4177,KILAUEA AVE,Honolulu / Waialae Kahala,HI,96816,
76,NOOLU ST,KIHEI,HI,96753,
1040,PINKHAM ST,Honolulu / Tripler,HI,96819,
2642,ROOKE AVE,Honolulu / Kapalama,HI,96817,
3640,KALIHI ST,Honolulu / Tripler,HI,96819,
1500,PUKELE AVE,Honolulu / Waialae Kahala,HI,96816,
848,9TH AVE,Honolulu / Waialae Kahala,HI,96816,
,LALAWAI DR,Aiea,HI,96701,
735,LUNALILO ST,Honolulu / Downtown,HI,96813,
1788,KAIOO DR,Honolulu / Waikiki,HI,96815,
2978,AINA LANI DR,PUKALANI,HI,96768,
264,MOKAUEA ST,Honolulu / Tripler,HI,96819,
1880,PAULA DR,Honolulu / Waialae Kahala,HI,96816,
773,PALOMA ST,WAILUKU,HI,96793,
88,OLINA ST,KAHULUI,HI,96732,
641,LINEKONA PL,WAILUKU,HI,96793,
221,PORTLOCK RD,Honolulu / Hawaii Kai,HI,96825,
1310,LUNALILO HOME RD,Honolulu / Hawaii Kai,HI,96825,
2826,S KING ST,Honolulu / Makiki,HI,96826,
,LUAHOANA ST,Ewa Beach,HI,96706,
852,HOOMALU ST,Pearl City,HI,96782,
2207,LILIKOI RD,HAIKU,HI,96708,
,WAIKAPOO ST,Ewa Beach,HI,96706,
247,AIKAHI LP,Kailua,HI,96734,
,KAUAOPUU ST,Waianae,HI,96792,
1259,PIIHANA RD,WAILUKU,HI,96793,
,FARRINGTON HWY,Waipahu,HI,96797,
,KAHOLO ST,Mililani,HI,96789,
,NO ADDRESS,KIHEI,HI,96753,
3172,EAST MANOA RD,Honolulu / Makiki,HI,96822,
,EMEPELA PL,Kaneohe,HI,96744,
,HELELUA PL,Waianae,HI,96792,
,KANELA ST,Ewa Beach,HI,96706,
1040,HIND IUKA DR,Honolulu / Waialae Kahala,HI,96821,
2058,KANOE ST,KIHEI,HI,96753,
1177,MAUNAWILI RD,Kailua,HI,96734,
167,MAKAWAO ST,Kailua,HI,96734,
,KULAIWI ST,Waimanalo,HI,96795,
,NAKINI ST,Waimanalo,HI,96795,
2475,KUHIO AVE,Honolulu / Waikiki,HI,96815,
,KAM HWY,Kahuku,HI,96731,
471,KAPAHULU AVE,Honolulu / Waikiki,HI,96815,
195,SHAW ST,LAHAINA,HI,96761,
,MOANALUA RD,Aiea,HI,96701,
,LANIWELA WAY,Kaneohe,HI,96744,
2629,PALI HWY,Honolulu / Kapalama,HI,96817,
12,PUAILIMA PL,LAHAINA,HI,96761,
,WAIKAPUNA ST,Ewa Beach,HI,96706,
1263,AINAKEA RD,LAHAINA,HI,96761,
4535,HANA HWY,HAIKU,HI,96708,
2238,LAUULA ST,Honolulu / Waikiki,HI,96815,
,LANIA WAY,Aiea,HI,96701,
,KILIOHU LP,Aiea,HI,96701,
1355,W KUIAHA RD,HAIKU,HI,96708,
340,KUANALU PL,Honolulu / Hawaii Kai,HI,96825,
39,NOHOANA PL,WAILUKU,HI,96793,
,PAKEKE ST,Waianae,HI,96792,
2921,KAHALOA DR,Honolulu / Makiki,HI,96822,
1243,LUNA PL,Honolulu / Makiki,HI,96822,
,IKULANI ST,Ewa Beach,HI,96706,
607,SOUTH ST,Honolulu / Downtown,HI,96813,
27,HOOLAI ST,Kailua,HI,96734,
2220,UNIVERSITY AVE,Honolulu / Makiki,HI,96822,
1547,GULICK AVE,Honolulu,HI,96819,
716,NEAL AVE,Wahiawa,HI,96786,
1890,CALIFORNIA AVE,Wahiawa,HI,96786,
4157,NUUANU PALI DR,Honolulu / Kapalama,HI,96817,
706,PUUIKENA DR,Honolulu / Waialae Kahala,HI,96821,
,HONOMU ST,Hauula,HI,96717,
,OKANA PL,Kaneohe,HI,96744,
,PAKAWELI ST,Kapolei,HI,96707,
,LANIKUHANA AVE,Mililani,HI,96789,
27,PUUALA ST,KULA,HI,96790,
